{
  "FilterHeaders": [
    {
      "Header": "x-requested-with",
      "IncludeInScript": true
    },
    {
      "Header": "user-agent",
      "IncludeInScript": false
    },
    {
      "Header": "upgrade-insecure-requests",
      "IncludeInScript": true
    },
    {
      "Header": "pragma",
      "IncludeInScript": false
    },
    {
      "Header": "dnt",
      "IncludeInScript": true
    },
    {
      "Header": "cache-control",
      "IncludeInScript": false
    },
    {
      "Header": "accept-language",
      "IncludeInScript": false
    },
    {
      "Header": "accept-encoding",
      "IncludeInScript": false
    },
    {
      "Header": "accept",
      "IncludeInScript": false
    }
  ],
  "FilterResources": [
    {
      "IsNonResource": false,
      "type": "text/plain"
    },
    {
      "IsNonResource": true,
      "type": "text/html"
    },
    {
      "IsNonResource": false,
      "type": "text/css"
    },
    {
      "IsNonResource": false,
      "type": "image/x-icon"
    },
    {
      "IsNonResource": false,
      "type": "image/png"
    },
    {
      "IsNonResource": false,
      "type": "image/gif"
    },
    {
      "IsNonResource": false,
      "type": "application/javascript"
    }
  ],
  "GeneralInfo": {
    "BrowserVersion": "",
    "IsWinInetMode": false,
    "MaxUsedConnections": 6,
    "RecordedBrowser": "Firefox",
    "RecordingDate": "6月-05-2019",
    "RecordingDuration": 118578,
    "RecordingMode": "N/A",
    "RecordingTimeStamp": 1559754123,
    "RecordingType": "Browser",
    "TotalBytesReceived": 910075,
    "TotalBytesSent": 15267,
    "TotalRequests": 35,
    "UserAgent": "Mozilla/5.0 (Windows NT 10.0; Win64; x64; rv:67.0) Gecko/20100101 Firefox/67.0"
  },
  "HostInfo": [
    {
      "DomainName": "g-fox.cn",
      "Domains": [
        {
          "HTTPVersion": "HTTP/1.1",
          "IP": "39.107.233.151",
          "IncludeInScript": true,
          "Name": "adu.g-fox.cn",
          "Port": 80,
          "Requests": [
            {
              "CompressionType": "gzip",
              "DataType": "image/gif",
              "DownloadTime": 62,
              "EventId": 232,
              "HttpStatus": 200,
              "Size": 800,
              "URL": "http://adu.g-fox.cn/adu.gif?channelid=stub.firefox.com.cn&fxversion=67.0.1&ceversion=2019.5&ver=2_2&pk=%7B3cb3755e-57ca-40f3-b991-89fc78f0b519%7D&uk=%7Bc4f76ad7-cf4f-4d87-905a-e32fa1f6c70c%7D&cehome=true&locale=zh-CN&age=0&default=false&defaultHttp=false&flash=&tracking=2&now=1559756362733"
            }
          ],
          "SSLCipher": "None",
          "SSLVersion": "None"
        }
      ],
      "IncludeInScript": true
    },
    {
      "DomainName": "firefox.com",
      "Domains": [
        {
          "HTTPVersion": "HTTP/1.1",
          "IP": "117.104.138.8",
          "IncludeInScript": true,
          "Name": "detectportal.firefox.com",
          "Port": 80,
          "Requests": [
            {
              "CompressionType": "",
              "DataType": "text/plain",
              "DownloadTime": 140,
              "EventId": 696,
              "HttpStatus": 200,
              "Size": 8,
              "URL": "http://detectportal.firefox.com/success.txt"
            },
            {
              "CompressionType": "",
              "DataType": "text/plain",
              "DownloadTime": 109,
              "EventId": 454,
              "HttpStatus": 200,
              "Size": 8,
              "URL": "http://detectportal.firefox.com/success.txt"
            },
            {
              "CompressionType": "",
              "DataType": "text/plain",
              "DownloadTime": 109,
              "EventId": 413,
              "HttpStatus": 200,
              "Size": 8,
              "URL": "http://detectportal.firefox.com/success.txt"
            },
            {
              "CompressionType": "",
              "DataType": "text/plain",
              "DownloadTime": 156,
              "EventId": 186,
              "HttpStatus": 200,
              "Size": 8,
              "URL": "http://detectportal.firefox.com/success.txt"
            }
          ],
          "SSLCipher": "None",
          "SSLVersion": "None"
        }
      ],
      "IncludeInScript": true
    },
    {
      "DomainName": "101.200.120.41",
      "Domains": [
        {
          "HTTPVersion": "HTTP/1.1",
          "IP": "101.200.120.41",
          "IncludeInScript": true,
          "Name": "101.200.120.41",
          "Port": 12306,
          "Requests": [
            {
              "CompressionType": "",
              "DataType": "text/plain",
              "DownloadTime": 63,
              "EventId": 744,
              "HttpStatus": 200,
              "Size": 7,
              "URL": "http://101.200.120.41:12306/login/check_session"
            },
            {
              "CompressionType": "",
              "DataType": "",
              "DownloadTime": 79,
              "EventId": 741,
              "HttpStatus": 200,
              "Size": 0,
              "URL": "http://101.200.120.41:12306/login/logout"
            },
            {
              "CompressionType": "",
              "DataType": "text/plain",
              "DownloadTime": 78,
              "EventId": 739,
              "HttpStatus": 200,
              "Size": 77,
              "URL": "http://101.200.120.41:12306/profile/getinfo"
            },
            {
              "CompressionType": "",
              "DataType": "text/plain",
              "DownloadTime": 94,
              "EventId": 737,
              "HttpStatus": 200,
              "Size": 7,
              "URL": "http://101.200.120.41:12306/login/check_session"
            },
            {
              "CompressionType": "",
              "DataType": "text/plain",
              "DownloadTime": 93,
              "EventId": 733,
              "HttpStatus": 200,
              "Size": 248,
              "URL": "http://101.200.120.41:12306/fetch_indents"
            },
            {
              "CompressionType": "",
              "DataType": "text/plain",
              "DownloadTime": 62,
              "EventId": 731,
              "HttpStatus": 200,
              "Size": 7,
              "URL": "http://101.200.120.41:12306/login/check_session"
            },
            {
              "CompressionType": "",
              "DataType": "text/plain",
              "DownloadTime": 218,
              "EventId": 729,
              "HttpStatus": 200,
              "Size": 7,
              "URL": "http://101.200.120.41:12306/purchase/create_indent"
            },
            {
              "CompressionType": "",
              "DataType": "text/plain",
              "DownloadTime": 78,
              "EventId": 726,
              "HttpStatus": 200,
              "Size": 220,
              "URL": "http://101.200.120.41:12306/purchase/fetch_cart"
            },
            {
              "CompressionType": "",
              "DataType": "text/plain",
              "DownloadTime": 78,
              "EventId": 724,
              "HttpStatus": 200,
              "Size": 7,
              "URL": "http://101.200.120.41:12306/login/check_session"
            },
            {
              "CompressionType": "",
              "DataType": "text/plain",
              "DownloadTime": 94,
              "EventId": 722,
              "HttpStatus": 200,
              "Size": 7,
              "URL": "http://101.200.120.41:12306/purchase/add_to_cart"
            },
            {
              "CompressionType": "",
              "DataType": "text/plain",
              "DownloadTime": 94,
              "EventId": 720,
              "HttpStatus": 200,
              "Size": 23,
              "URL": "http://101.200.120.41:12306/purchase/get_comment"
            },
            {
              "CompressionType": "",
              "DataType": "text/plain",
              "DownloadTime": 78,
              "EventId": 718,
              "HttpStatus": 200,
              "Size": 515,
              "URL": "http://101.200.120.41:12306/getBook"
            },
            {
              "CompressionType": "",
              "DataType": "text/plain",
              "DownloadTime": 63,
              "EventId": 716,
              "HttpStatus": 200,
              "Size": 7,
              "URL": "http://101.200.120.41:12306/login/check_session"
            },
            {
              "CompressionType": "",
              "DataType": "text/plain",
              "DownloadTime": 78,
              "EventId": 711,
              "HttpStatus": 200,
              "Size": 515,
              "URL": "http://101.200.120.41:12306/getBook"
            },
            {
              "CompressionType": "",
              "DataType": "text/plain",
              "DownloadTime": 62,
              "EventId": 709,
              "HttpStatus": 200,
              "Size": 7,
              "URL": "http://101.200.120.41:12306/login/check_session"
            },
            {
              "CompressionType": "",
              "DataType": "text/plain",
              "DownloadTime": 203,
              "EventId": 705,
              "HttpStatus": 200,
              "Size": 7,
              "URL": "http://101.200.120.41:12306/purchase/add_to_cart"
            },
            {
              "CompressionType": "",
              "DataType": "text/plain",
              "DownloadTime": 78,
              "EventId": 702,
              "HttpStatus": 200,
              "Size": 23,
              "URL": "http://101.200.120.41:12306/purchase/get_comment"
            },
            {
              "CompressionType": "",
              "DataType": "text/plain",
              "DownloadTime": 78,
              "EventId": 700,
              "HttpStatus": 200,
              "Size": 515,
              "URL": "http://101.200.120.41:12306/getBook"
            },
            {
              "CompressionType": "",
              "DataType": "text/plain",
              "DownloadTime": 78,
              "EventId": 698,
              "HttpStatus": 200,
              "Size": 7,
              "URL": "http://101.200.120.41:12306/login/check_session"
            },
            {
              "CompressionType": "",
              "DataType": "text/plain",
              "DownloadTime": 79,
              "EventId": 683,
              "HttpStatus": 200,
              "Size": 515,
              "URL": "http://101.200.120.41:12306/getBook"
            },
            {
              "CompressionType": "",
              "DataType": "text/plain",
              "DownloadTime": 47,
              "EventId": 681,
              "HttpStatus": 200,
              "Size": 7,
              "URL": "http://101.200.120.41:12306/login/check_session"
            },
            {
              "CompressionType": "",
              "DataType": "text/plain",
              "DownloadTime": 78,
              "EventId": 667,
              "HttpStatus": 200,
              "Size": 7,
              "URL": "http://101.200.120.41:12306/login/check_session"
            },
            {
              "CompressionType": "",
              "DataType": "text/plain",
              "DownloadTime": 94,
              "EventId": 665,
              "HttpStatus": 200,
              "Size": 7,
              "URL": "http://101.200.120.41:12306/login/check"
            },
            {
              "CompressionType": "",
              "DataType": "text/plain",
              "DownloadTime": 78,
              "EventId": 662,
              "HttpStatus": 200,
              "Size": 7,
              "URL": "http://101.200.120.41:12306/login/check_session"
            },
            {
              "CompressionType": "",
              "DataType": "image/png",
              "DownloadTime": 62,
              "EventId": 550,
              "HttpStatus": 200,
              "Size": 296541,
              "URL": "http://101.200.120.41:12306/static/media/csapp.353e1ee5.png"
            },
            {
              "CompressionType": "",
              "DataType": "text/plain",
              "DownloadTime": 79,
              "EventId": 548,
              "HttpStatus": 200,
              "Size": 7,
              "URL": "http://101.200.120.41:12306/login/check_session"
            },
            {
              "CompressionType": "",
              "DataType": "image/x-icon",
              "DownloadTime": 78,
              "EventId": 315,
              "HttpStatus": 200,
              "Size": 3870,
              "URL": "http://101.200.120.41:12306/favicon.ico"
            },
            {
              "CompressionType": "",
              "DataType": "application/javascript",
              "DownloadTime": 79,
              "EventId": 312,
              "HttpStatus": 200,
              "Size": 599267,
              "URL": "http://101.200.120.41:12306/static/js/main.4e6719bc.js"
            },
            {
              "CompressionType": "",
              "DataType": "text/css",
              "DownloadTime": 62,
              "EventId": 286,
              "HttpStatus": 200,
              "Size": 5962,
              "URL": "http://101.200.120.41:12306/static/css/main.3dca8ff8.css"
            },
            {
              "CompressionType": "",
              "DataType": "text/html",
              "DownloadTime": 62,
              "EventId": 248,
              "HttpStatus": 200,
              "Size": 847,
              "URL": "http://101.200.120.41:12306/"
            }
          ],
          "SSLCipher": "None",
          "SSLVersion": "None"
        }
      ],
      "IncludeInScript": true
    }
  ],
  "WebSocket": {
    "IncludeInScript": false,
    "IsScriptIncludeWebSocket": false
  },
  "NumberOfCorrelations": 0
}